City_ID,City,Latitude,Longitude,Max Temp,Humidity,Cloudiness,Wind Speed,Country,Date
0,tura,25.5198,90.2201,297.45,97,100,3.23,IN,1723059239
1,masuguru,-11.3667,38.4167,295.65,51,4,2.51,TZ,1723059240
2,olonkinbyen,70.9221,-8.7187,279.32,100,100,4.14,SJ,1723059242
3,tolanaro,-25.0319,46.9987,295.19,73,75,7.2,MG,1723059243
4,hilo,19.7297,-155.09,300.42,79,0,2.57,US,1723059138
5,port-aux-francais,-49.35,70.2167,274.14,98,100,12.28,TF,1723059246
6,manaure,11.7751,-72.4445,301.79,76,77,7.8,CO,1723059247
7,punta arenas,-53.15,-70.9167,275.21,87,0,4.63,CL,1723059249
8,waitangi,-43.9535,-176.5597,283.05,69,18,6.97,NZ,1723059250
9,port elizabeth,-33.918,25.5701,287.77,56,0,1.03,ZA,1723059251
10,ilulissat,69.2167,-51.1,278.16,93,75,2.57,GL,1723059254
11,tralee,52.2704,-9.7026,287.42,94,98,1.84,IE,1723059255
12,olyokminsk,60.3736,120.4264,284.33,69,19,1.69,RU,1723059257
13,arias,-33.6441,-62.4027,287.25,33,18,8.07,AR,1723059258
14,grytviken,-54.2811,-36.5092,267.48,72,19,4.5,GS,1723059260
15,greymouth,-42.4667,171.2,281.92,84,97,6.94,NZ,1723059261
16,sur,22.5667,59.5289,301.39,73,51,5.78,OM,1723059262
17,nouadhibou,20.931,-17.0347,297.14,73,60,5.66,MR,1723059264
18,ketchikan,55.3422,-131.6461,290.56,54,0,1.78,US,1723059265
19,pangai,-19.8,-174.35,295.21,64,75,4.12,TO,1723059266
20,island harbour,50.724,-1.2758,292.16,76,100,0.89,GB,1723059268
21,kaa-khem,51.6833,94.7333,287.81,65,40,1.8,RU,1723059269
22,adamstown,-25.066,-130.1015,291.93,65,24,3.47,PN,1723059271
23,hithadhoo,-0.6,73.0833,301.81,70,100,2.03,MV,1723059272
24,bethel,41.3712,-73.414,292.7,87,100,3.09,US,1723059273
25,kavaratti,10.5669,72.642,300.53,83,100,5.9,IN,1723059275
26,sidi akkacha,36.4647,1.3026,310.31,59,5,1.16,DZ,1723059276
27,columbine,39.5878,-105.0694,306.08,35,75,1.79,US,1723059081
28,wailua homesteads,22.0669,-159.378,299.59,74,20,5.66,US,1723059030
29,north bend,43.4065,-124.2243,298.1,68,0,9.26,US,1723059280
30,gadzhiyevo,69.2551,33.3362,288.36,57,8,3.11,RU,1723059281
31,iqaluit,63.7506,-68.5145,284.0,62,20,2.57,CA,1723059283
32,port alfred,-33.5906,26.891,292.19,38,10,3.03,ZA,1723059284
33,college,64.8569,-147.8028,295.62,57,75,3.09,US,1723059285
34,calca,-13.3333,-71.95,295.79,30,27,4.46,PE,1723059287
35,nuuk,64.1835,-51.7216,286.49,62,20,4.63,GL,1723059288
36,ushuaia,-54.8,-68.3,275.94,69,0,1.03,AR,1723059289
37,opuwo,-18.0607,13.84,293.8,22,0,1.43,NA,1723059291
38,ouesso,1.6136,16.0517,301.98,44,100,0.83,CG,1723059292
39,tiksi,71.6872,128.8694,279.81,94,100,0.99,RU,1723059294
40,hammerfest,70.6634,23.6821,296.4,35,7,2.57,NO,1723059295
41,kodiak,57.79,-152.4072,286.88,94,0,3.09,US,1723058739
42,bredasdorp,-34.5322,20.0403,282.86,95,2,1.82,ZA,1723059298
43,anna regina,7.2644,-58.5077,302.35,67,7,3.31,GY,1723059299
44,edinburgh of the seven seas,-37.0676,-12.3116,281.25,64,99,14.19,SH,1723059300
45,selkirk,50.1436,-96.8845,294.23,70,100,3.58,CA,1723059302
46,santa rosalia,27.3167,-112.2833,302.74,56,99,1.89,MX,1723059303
47,albany,42.6001,-73.9662,298.28,70,49,0.89,US,1723059304
48,mccook,40.2019,-100.6257,303.4,51,0,3.6,US,1723059306
49,ribeira grande,38.5167,-28.7,299.37,65,20,5.81,PT,1723059307
50,harstad,68.799,16.5293,296.81,55,0,2.58,NO,1723059308
51,new norfolk,-42.7826,147.0587,282.55,91,100,1.46,AU,1723059310
52,nar'yan-mar,67.6713,53.087,279.18,89,10,3.25,RU,1723059311
53,okha,53.5739,142.9478,285.49,90,95,2.84,RU,1723059313
54,rio grande,-32.035,-52.0986,290.21,90,100,3.06,BR,1723059314
55,longyearbyen,78.2186,15.6401,284.06,93,75,2.57,SJ,1723059317
56,papatowai,-46.5619,169.4708,280.23,93,100,2.83,NZ,1723059318
57,quang ngai,15.1167,108.8,297.51,87,15,1.76,VN,1723059319
58,prineville,44.2999,-120.8345,303.77,21,0,3.09,US,1723059321
59,bijie,27.3125,105.2942,291.51,99,58,3.04,CN,1723059322
60,bamboo flat,11.7,92.7167,299.2,94,75,0.51,IN,1723059325
61,kailua-kona,19.6406,-155.9956,301.26,82,40,1.54,US,1723059326
62,ishigaki,24.3448,124.1572,300.22,100,100,1.03,JP,1723059328
63,anadyr,64.75,177.4833,281.43,75,75,3.0,RU,1723059317
64,havre,49.5833,0.3333,291.37,72,75,5.14,FR,1723059332
65,west island,-12.1568,96.8225,299.14,78,20,5.66,CC,1723059333
66,talcahuano,-36.7167,-73.1167,284.97,50,0,4.12,CL,1723059334
67,den helder,52.9599,4.7593,292.56,82,40,3.6,NL,1723059336
68,keelung,25.1283,121.7419,301.12,83,100,2.18,TW,1723059337
69,kindu,-2.95,25.95,299.14,32,34,0.13,CD,1723059338
70,kilju,40.9642,129.3278,297.02,77,100,1.62,KP,1723059340
71,invercargill,-46.4,168.35,280.38,90,51,3.35,NZ,1723059341
72,krizevci,46.0219,16.5425,295.48,52,97,0.58,HR,1723059344
73,haiku-pauwela,20.9219,-156.3051,301.02,66,40,8.75,US,1723059345
74,sandnessjoen,66.0217,12.6316,293.38,64,0,2.06,NO,1723059347
75,semnan,35.5729,53.3971,306.73,12,11,2.74,IR,1723059348
76,torghay,49.6339,63.4981,297.21,57,4,1.89,KZ,1723059349
77,raton,36.9034,-104.4391,307.34,20,75,0.0,US,1723059351
78,northam,51.0333,-4.2167,290.03,86,100,5.27,GB,1723059352
79,chos malal,-37.3781,-70.2709,278.01,56,91,1.87,AR,1723059353
80,prince rupert,54.3161,-130.3201,286.98,100,100,2.06,CA,1723059303
81,jamestown,42.097,-79.2353,299.01,65,100,5.66,US,1723059356
82,margaret river,-33.95,115.0667,286.72,63,38,5.42,AU,1723059359
83,keflavik,64.0049,-22.5624,288.1,82,20,7.2,IS,1723059360
84,lihue,21.9789,-159.3672,299.92,71,20,5.66,US,1723059362
85,tangalle,6.024,80.7911,298.96,89,5,4.65,LK,1723059363
86,talnakh,69.4865,88.3972,282.84,70,0,4.22,RU,1723059364
87,thompson,55.7435,-97.8558,291.24,52,75,5.66,CA,1723059366
88,mobaye,4.319,21.1786,294.7,91,99,0.86,CF,1723059367
89,kapuskasing,49.4169,-82.4331,295.2,46,100,4.63,CA,1723059369
90,udachny,66.4167,112.4,285.44,58,85,3.91,RU,1723059371
91,baruun-urt,46.6806,113.2792,290.04,71,92,3.12,MN,1723059373
92,katabu,-4.9333,122.5167,296.83,88,91,2.25,ID,1723059374
93,burao,9.5221,45.5336,299.19,46,1,8.74,SO,1723059375
94,mhasvad,17.6333,74.7833,295.8,86,99,6.28,IN,1723059377
95,bich'vinta,43.1592,40.3378,295.25,67,41,2.73,GE,1723059080
96,happy valley-goose bay,53.3168,-60.3315,287.32,88,75,2.57,CA,1723059379
97,la ronge,55.1001,-105.2842,289.29,48,75,3.6,CA,1723059381
98,orangeburg,33.4918,-80.8557,300.32,84,95,3.58,US,1723059382
99,cockburn town,21.4612,-71.1419,301.35,82,100,6.55,TC,1723059109
100,fisterra,42.9049,-9.2629,292.45,81,1,10.42,ES,1723059385
101,yellowknife,62.456,-114.3525,294.49,48,75,6.71,CA,1723059386
102,bandarbeyla,9.4942,50.8122,298.45,85,34,13.96,SO,1723059388
103,atafu village,-8.5421,-172.5159,301.66,69,85,8.58,TK,1723059389
104,walvis bay,-22.9575,14.5053,285.42,86,0,2.69,NA,1723059390
105,stanley,54.868,-1.6985,289.1,73,20,3.6,GB,1723059297
106,kayangel,8.0823,134.7173,301.52,78,97,4.8,PW,1723059393
107,balashov,51.5502,43.1667,291.96,61,17,0.54,RU,1723059394
108,flying fish cove,-10.4217,105.6791,297.97,83,40,6.17,CX,1723059396
109,balabac,7.9868,117.0645,299.88,85,100,2.57,PH,1723059397
110,afaahiti,-17.75,-149.2833,299.08,83,36,8.08,PF,1723059398
111,nerchinsk,51.9833,116.5833,286.96,76,6,0.77,RU,1723059400
112,pulandian,39.3953,121.9669,296.41,96,95,0.95,CN,1723059401
113,alice springs,-23.7,133.8833,279.9,76,0,1.54,AU,1723059403
114,saipan,15.1355,145.701,301.54,83,40,0.0,MP,1723059404
115,kirkuk,35.4681,44.3922,308.29,15,0,1.02,IQ,1723059405
116,awjilah,29.1081,21.2869,307.02,22,0,3.41,LY,1723059407
117,whitehorse,60.7161,-135.0538,297.65,36,0,7.2,CA,1723059408
118,minas de marcona,-15.2119,-75.1103,284.76,83,84,10.53,PE,1723059409
119,sorong,-0.8833,131.25,297.8,91,61,4.18,ID,1723059149
120,nguruka,-5.1092,31.0419,295.94,26,10,1.86,TZ,1723059412
121,codrington,-38.2667,141.9667,284.42,59,100,8.45,AU,1723059413
122,badger,64.8,-147.5333,295.57,57,75,3.09,US,1723059139
123,mahina,-17.5065,-149.489,300.02,78,75,6.17,PF,1723059416
124,hualien city,23.9769,121.6044,300.0,93,81,1.56,TW,1723059417
125,bilibino,68.0546,166.4372,280.47,60,0,1.75,RU,1723059419
126,fort mcmurray,56.7268,-111.381,293.92,40,0,2.57,CA,1723059420
127,williamsburg,37.2707,-76.7075,300.97,80,75,3.6,US,1723059422
128,green river,41.5286,-109.4662,305.37,21,12,2.68,US,1723059423
129,trail,49.0998,-117.7022,306.47,21,0,0.93,CA,1723059424
130,al qadarif,14.0349,35.3834,298.46,76,99,2.76,SD,1723059426
131,selfoss,63.9331,-20.9971,284.81,86,80,3.71,IS,1723059427
132,chui,-33.6971,-53.4616,287.01,71,100,5.05,UY,1723059428
133,isangel,-19.55,169.2667,293.56,69,84,4.98,VU,1723059430
134,colonia,50.9333,6.95,294.29,78,0,0.51,DE,1723059431
135,camana,-16.6228,-72.7111,288.83,85,100,5.34,PE,1723059432
136,colon,9.3592,-79.9014,301.53,86,100,3.13,PA,1723059434
137,linping,30.4225,120.2972,302.12,78,49,2.28,CN,1723059435
138,kismayo,-0.3582,42.5454,298.02,81,100,7.18,SO,1723059437
139,turpan,42.9333,89.1667,297.47,60,97,5.96,CN,1723059438
140,south lyon,42.4606,-83.6516,299.35,48,22,3.58,US,1723059356
141,puerto ayora,-0.7393,-90.3518,298.13,89,30,3.13,EC,1723059442
142,kulunda,52.566,78.9385,291.03,90,100,2.27,RU,1723059444
143,piti village,13.4626,144.6933,301.18,84,0,0.0,GU,1723059445
144,boone,39.0334,-92.3335,298.59,52,7,3.03,US,1723059446
145,gelemso,8.8167,40.5167,291.29,72,32,1.72,ET,1723059448
146,blackmans bay,-43.0167,147.3167,281.89,79,100,0.45,AU,1723059449
147,yingkou,40.6648,122.2283,298.03,92,90,3.11,CN,1723059451
148,richards bay,-28.783,32.0377,293.04,71,36,7.35,ZA,1723059452
149,weno,7.4515,151.8468,301.12,83,100,2.06,FM,1723059453
150,san luis,-33.295,-66.3356,281.83,38,58,8.83,AR,1723059455
151,novyy urengoy,66.0833,76.6333,284.58,68,100,5.7,RU,1723059456
152,nuku'alofa,-21.1333,-175.2,294.34,68,40,4.63,TO,1723059457
153,verkhnevilyuysk,63.4453,120.3167,280.27,95,59,1.24,RU,1723059459
154,tselinnoye,53.0833,85.6667,289.85,95,100,3.89,RU,1723059460
155,ostersund,63.1792,14.6357,290.4,100,40,5.66,SE,1723059462
156,labrador city,52.9463,-66.9114,285.1,71,100,5.14,CA,1723059463
157,dudinka,69.4058,86.1778,281.87,67,0,7.62,RU,1723059464
158,ierapetra,35.01,25.7353,304.34,36,0,2.24,GR,1723059466
159,puerto deseado,-47.7503,-65.8938,279.25,63,6,7.52,AR,1723059467
160,winnemucca,40.973,-117.7357,307.18,7,0,5.14,US,1723059468
161,luderitz,-26.6481,15.1594,285.79,77,100,3.16,NA,1723059470
162,mil'kovo,55.6078,37.7956,293.34,67,96,2.22,RU,1723059471
163,katsuura,35.1333,140.3,298.55,93,95,0.2,JP,1723059472
164,yeppoon,-23.1333,150.7333,289.03,92,26,5.62,AU,1723059474
165,wum,6.3833,10.0667,291.72,97,100,1.12,CM,1723059475
166,noumea,-22.2763,166.4572,294.26,99,100,4.96,NC,1723059477
167,east london,-33.0153,27.9116,292.89,32,58,2.51,ZA,1723059478
168,malango,-2.9627,119.9001,290.74,99,61,1.03,ID,1723059479
169,benguela,-12.5763,13.4055,293.1,89,54,2.08,AO,1723059481
170,boa vista,2.8197,-60.6733,306.14,52,40,3.09,BR,1723059482
171,enewetak,11.3474,162.3373,301.8,74,44,5.33,MH,1723059485
172,las vegas,36.175,-115.1372,313.77,27,0,7.72,US,1723059486
173,jayapura,-2.5333,140.7,295.81,94,95,2.16,ID,1723059488
174,alofi,-19.0595,-169.9187,294.09,68,75,4.12,NU,1723059489
175,padang,-0.9492,100.3543,299.18,87,100,1.84,ID,1723059490
176,cabo san lucas,22.8909,-109.9124,306.76,70,20,5.66,MX,1723059248
177,scarborough,54.2797,-0.4044,289.63,74,92,2.68,GB,1723059493
178,kerikeri,-35.2268,173.9474,283.28,86,57,1.68,NZ,1723059494
179,iskateley,67.6803,53.1512,279.08,89,10,3.22,RU,1723059496
180,griffith,41.5284,-87.4237,299.9,64,0,6.17,US,1723059497
181,bull savanna,17.8868,-77.5902,302.46,67,100,8.87,JM,1723059498
182,lensk,60.7253,114.9278,286.13,76,12,1.99,RU,1723059500
183,petropavlovsk-kamchatsky,53.0452,158.6483,288.48,88,40,3.0,RU,1723059501
184,tshabong,-26.05,22.45,292.4,19,2,4.23,BW,1723059503
185,georgetown,5.4112,100.3354,301.11,78,20,2.06,MY,1723059504
186,tyazhinskiy,56.116,88.524,287.71,96,84,2.3,RU,1723059505
187,kourou,5.1552,-52.6478,303.18,71,59,4.08,GF,1723059507
188,hluti,-27.2167,31.6167,286.76,78,1,1.54,SZ,1723059508
189,caleta de carquin,-11.0925,-77.6267,291.75,76,36,5.82,PE,1723059509
190,hasaki,35.7333,140.8333,299.37,91,100,1.71,JP,1723059511
191,avarua,-21.2078,-159.775,297.18,64,40,5.66,CK,1723059512
192,la reforma,25.0833,-108.05,305.81,57,69,5.97,MX,1723059513
193,kencong,-8.2833,113.3667,295.01,92,0,1.39,ID,1723059515
194,khandyga,62.6667,135.6,281.5,95,8,1.38,RU,1723059516
195,puerto natales,-51.7236,-72.4875,274.4,80,0,3.6,CL,1723059518
196,bunol,39.4167,-0.7833,300.51,73,0,1.63,ES,1723059519
197,vilhena,-12.7406,-60.1458,296.27,56,0,3.6,BR,1723059521
198,ghat,24.9647,10.1728,308.45,10,0,5.29,LY,1723059522
199,zeya,53.75,127.2667,289.88,98,100,2.08,RU,1723059523
200,vorkuta,67.5,64.0,280.49,74,9,2.41,RU,1723059525
201,lospalos,-8.5186,127.0025,292.55,94,6,2.02,TL,1723059526
202,hamilton,39.1834,-84.5333,303.67,66,75,4.12,US,1723059527
203,umba,66.6871,34.3429,283.92,60,8,1.51,RU,1723059529
204,embi,48.8264,58.1442,298.56,52,31,2.8,KZ,1723059530
205,polyarnyy,69.1989,33.4478,288.53,55,8,3.64,RU,1723059532
206,lavrio,37.7145,24.0565,303.84,53,0,2.77,GR,1723059533
207,qaqortoq,60.7167,-46.0333,281.21,94,100,2.1,GL,1723059534
208,palangkaraya,-2.2,113.8333,296.08,96,47,0.99,ID,1723059536
209,lebu,-37.6167,-73.65,282.45,71,0,5.94,CL,1723059537
210,magistral'nyy,56.1725,107.4458,286.54,96,71,1.5,RU,1723059539
211,ocean shores,46.9737,-124.1563,291.49,83,20,3.6,US,1723059540
212,ulladulla,-35.35,150.4667,281.17,73,8,2.13,AU,1723059542
213,vilyuchinsk,52.9306,158.4028,289.3,89,44,3.24,RU,1723059543
214,laguna,38.421,-121.4238,313.32,20,0,3.6,US,1723059516
215,yabelo,4.8833,38.0833,291.3,64,100,3.42,ET,1723059546
216,port mathurin,-19.6833,63.4167,295.51,74,11,4.78,MU,1723059547
217,ifanadiana,-21.3,47.6333,290.88,91,100,0.26,MG,1723059548
218,san antonio de pale,-1.4014,5.6325,296.0,83,100,4.58,GQ,1723059550
219,gaalkacyo,6.7697,47.4308,300.11,59,67,9.56,SO,1723059551
220,bubaque,11.2833,-15.8333,299.58,83,96,7.7,GW,1723059552
221,hermanus,-34.4187,19.2345,281.93,86,3,3.75,ZA,1723059554
222,al hudaydah,14.7978,42.9545,303.33,68,100,6.7,YE,1723059555
223,langzhong,31.5504,105.9938,297.64,94,100,1.77,CN,1723059557
224,guozhen,34.3659,107.359,297.12,91,92,1.63,CN,1723059558
225,qiziltepa,40.0331,64.85,299.68,15,0,5.63,UZ,1723059559
226,champerico,14.3,-91.9167,308.45,71,100,3.3,GT,1723059561
227,black point,-34.6187,137.8972,285.94,61,81,10.16,AU,1723059562
228,mwingi,-0.9344,38.0601,293.07,82,78,3.7,KE,1723059564
229,tual,-5.6667,132.75,298.38,84,89,9.29,ID,1723059565
230,boguchany,58.3814,97.4531,289.53,98,100,1.51,RU,1723059566
231,arraial do cabo,-22.9661,-42.0278,301.13,61,0,6.17,BR,1723059568
232,bowen,-20.0167,148.2333,291.63,87,97,4.13,AU,1723059569
233,mount gambier,-37.8333,140.7667,284.23,56,100,5.42,AU,1723059570
234,regina,50.4501,-104.6178,291.21,41,40,7.2,CA,1723059572
235,fenoarivo be,-18.4333,46.5667,287.8,72,0,2.22,MG,1723059573
236,matoury,4.8483,-52.3317,303.13,74,100,5.66,GF,1723059574
237,la passe,45.5549,-0.8967,293.14,70,99,4.69,FR,1723059576
238,veraval,20.9,70.3667,300.56,84,98,7.5,IN,1723059577
239,dapa,9.7594,126.0531,300.48,81,100,1.82,PH,1723059579
240,namibe,-15.1961,12.1522,289.39,86,45,5.28,AO,1723059580
241,puerto francisco de orellana,-0.4667,-76.9667,305.18,58,40,2.06,EC,1723059581
242,barakani,-12.1356,44.4317,297.59,72,3,1.45,KM,1723059583
243,twon-brass,4.3151,6.2418,298.65,82,62,7.19,NG,1723059584
244,utrik,11.2278,169.8474,301.48,75,98,6.1,MH,1723059586
245,filipstad,59.7124,14.1683,292.29,74,100,2.81,SE,1723059587
246,uturoa,-16.7333,-151.4333,299.16,79,9,5.06,PF,1723059588
247,buka,40.8108,69.1986,298.37,28,0,0.79,UZ,1723059590
248,cidreira,-30.1811,-50.2056,289.54,92,100,5.76,BR,1723059591
249,isafjordur,66.0755,-23.124,279.68,89,86,2.29,IS,1723059592
250,hawaiian paradise park,19.5933,-154.9731,301.33,74,0,2.57,US,1723059594
251,klyuchi,52.2667,79.1667,291.7,87,100,2.77,RU,1723059595
252,rongelap,11.1635,166.8941,301.3,77,89,5.62,MH,1723059596
253,fremont,37.5483,-121.9886,308.48,40,0,4.02,US,1723059299
254,changsu,35.6484,127.5152,295.55,96,78,0.26,KR,1723059599
255,san ignacio de velasco,-16.3667,-60.95,306.51,28,87,3.6,BO,1723059600
256,fortuna,40.5982,-124.1573,291.66,80,0,4.63,US,1723059602
257,al kharijah,25.4514,30.5464,307.35,18,28,4.51,EG,1723059603
258,porto novo,6.4965,2.6036,299.05,82,100,3.96,BJ,1723059605
259,lorengau,-2.0226,147.2712,300.68,80,15,4.49,PG,1723059606
260,tauranga,-37.6861,176.1667,282.63,95,78,0.73,NZ,1723059607
261,buala,-8.145,159.5921,299.15,85,100,3.48,SB,1723059609
262,sihanoukville,10.6093,103.5296,300.95,79,76,1.96,KH,1723059610
263,bridgewater,44.3835,-64.5155,296.54,66,99,3.09,CA,1723059612
264,sao joao da barra,-21.6403,-41.0511,299.2,78,0,9.75,BR,1723059614
265,nurlat,54.4277,50.8051,289.46,82,5,2.41,RU,1723059616
266,igarka,67.4667,86.5833,282.34,64,1,5.9,RU,1723059617
267,yadrin,55.9405,46.2062,288.62,92,11,1.3,RU,1723059619
268,bijar,35.8668,47.6051,297.39,19,1,2.81,IR,1723059620
269,sudbury,46.49,-80.99,297.62,36,100,0.97,CA,1723059622
270,abeche,13.8292,20.8324,297.31,86,100,1.1,TD,1723059623
271,pointe-noire,-4.7761,11.8635,296.19,88,20,2.06,CG,1723059624
272,vorgashor,67.5833,63.95,280.21,74,9,2.31,RU,1723059626
273,phan thiet,10.9333,108.1,298.68,89,99,3.51,VN,1723059627
274,lockwood,45.8191,-108.4149,291.71,77,100,6.17,US,1723059629
275,thayetmyo,19.3167,95.1833,296.77,99,100,2.18,MM,1723059630
276,caspe,41.234,-0.0395,302.11,44,8,7.36,ES,1723059631
277,lae,-6.7221,146.9847,295.97,92,100,1.92,PG,1723059633
278,muang phonsavan,19.45,103.2167,291.28,100,99,0.71,LA,1723059634
279,crane,31.3974,-102.3501,310.08,19,0,0.79,US,1723059635
280,al hazm,16.1641,44.7769,302.09,46,74,6.36,YE,1723059637
281,gustavsberg,59.3268,18.3898,293.09,87,83,3.36,SE,1723059638
282,shingu,33.7333,135.9833,297.28,81,5,2.21,JP,1723059640
283,pirot,43.1531,22.5861,291.07,50,0,1.3,RS,1723059641
284,fort bragg,35.139,-79.006,299.37,91,100,4.63,US,1723059642
285,puerto santa,-8.9906,-78.6456,291.8,77,38,5.39,PE,1723059644
286,brokopondo,4.75,-55.1667,304.29,54,22,1.37,SR,1723059645
287,santa ana,33.7456,-117.8678,306.74,60,20,7.72,US,1723059646
288,dunedin,-45.8742,170.5036,283.04,68,100,4.21,NZ,1723059363
289,wynyard,-41.0,145.7167,283.47,91,100,3.32,AU,1723059649
290,belyy yar,53.6039,91.3903,290.09,82,0,2.0,RU,1723059650
291,nyurba,63.2842,118.3319,281.9,89,60,1.68,RU,1723059652
292,christchurch,-43.5333,172.6333,283.12,72,100,2.57,NZ,1723059243
293,winnipeg,49.8844,-97.147,294.83,56,75,8.75,CA,1723059655
294,praia da vitoria,38.7333,-27.0667,298.29,65,20,2.87,PT,1723059656
295,xiongzhou,25.1167,114.3,299.44,82,21,1.48,CN,1723059657
296,broken hill,-31.95,141.4333,281.83,74,100,4.56,AU,1723059659
297,talodi,10.6325,30.3797,296.36,90,79,2.07,SD,1723059660
298,superior,46.7208,-92.1041,296.2,62,0,5.14,US,1723059662
299,nago,26.5881,127.9761,302.12,87,42,1.99,JP,1723059663
300,marsh harbour,26.5412,-77.0636,303.61,67,59,6.31,BS,1723059664
301,ozu,33.5,132.55,299.92,82,6,1.56,JP,1723059666
302,wau,7.7029,27.9953,296.42,88,100,1.86,SS,1723059667
303,touros,-5.1989,-35.4608,298.42,76,7,7.48,BR,1723059668
304,cuamba,-14.8031,36.5372,293.68,44,0,1.43,MZ,1723059670
305,acarau,-2.8856,-40.12,300.38,70,4,8.71,BR,1723059671
306,mariehamn,60.0973,19.9348,291.94,94,0,1.03,AX,1723059673
307,tazovsky,67.4667,78.7,282.06,75,100,5.91,RU,1723059674
308,taltal,-25.4,-70.4833,289.04,65,0,3.76,CL,1723059675
309,kamikawa,43.84,142.7711,294.3,100,100,1.25,JP,1723059677
310,chibougamau,49.9168,-74.3659,290.94,52,100,5.14,CA,1723059678
311,saint-pierre,-21.3393,55.4781,291.97,68,0,3.09,RE,1723059679
312,fale old settlement,-9.3852,-171.2468,300.91,73,100,8.39,TK,1723059681
313,queenstown,-31.8976,26.8753,284.92,30,36,2.52,ZA,1723059682
314,kununurra,-15.7667,128.7333,292.14,68,95,2.06,AU,1723059684
315,nova sintra,14.8667,-24.7167,298.73,84,89,6.05,CV,1723059685
316,san bartolo,19.1833,-100.05,291.8,83,100,2.3,MX,1723059686
317,grand-bassam,5.2118,-3.7388,298.13,87,100,4.1,CI,1723059688
318,carnarvon,-24.8667,113.6333,291.29,78,0,4.39,AU,1723059689
319,st. john's,47.5649,-52.7093,294.97,64,100,6.69,CA,1723059691
320,cambria,35.5641,-121.0808,308.28,66,31,2.89,US,1723059692
321,rikaze,29.25,88.8833,287.32,54,100,1.66,CN,1723059693
322,sitka,57.0531,-135.33,288.09,88,40,1.54,US,1723059487
323,senanga,-16.1167,23.2667,291.76,17,1,2.12,ZM,1723059696
324,shimoda,34.6667,138.95,298.76,85,0,0.95,JP,1723059697
325,turkmenbasy,40.0222,52.9552,299.58,83,75,0.0,TM,1723059699
326,kargasok,59.0556,80.8572,284.08,85,39,2.36,RU,1723059700
327,bairnsdale,-37.8333,147.6167,276.51,92,81,2.45,AU,1723059702
328,lepsy,46.235,78.9456,299.35,29,82,3.31,KZ,1723059703
329,pionerskiy,54.9508,20.2275,290.06,77,11,3.6,RU,1723059704
330,temiskaming shores,47.4938,-79.7153,295.04,32,98,1.99,CA,1723059707
331,kittila,67.6647,24.8936,289.23,59,0,2.06,FI,1723059708
332,kinablangan,7.6947,126.5503,297.6,84,100,1.6,PH,1723059710
333,cafayate,-26.073,-65.9761,293.24,14,1,2.57,AR,1723059711
334,noria,32.5167,74.8,301.92,90,24,5.61,IN,1723059712
335,zhanaozen,43.3,52.8,303.08,34,14,8.78,KZ,1723059714
336,sakaiminato,35.55,133.2333,297.11,100,20,1.54,JP,1723059715
337,thabazimbi,-24.5917,27.4116,289.56,29,0,2.02,ZA,1723059717
338,taesal-li,36.9714,126.4542,298.1,92,100,2.39,KR,1723059718
339,gorontalo,0.5412,123.0595,296.74,97,100,1.95,ID,1723059719
340,novyy urgal,51.0736,132.5642,288.08,89,4,1.05,RU,1723059721
341,homer,59.6425,-151.5483,289.15,72,100,8.05,US,1723059722
342,susanville,40.4163,-120.653,306.94,17,55,1.34,US,1723059724
343,kingston,17.997,-76.7936,306.68,66,20,10.29,JM,1723059725
344,veinticinco de mayo,-35.4323,-60.1727,285.36,68,60,1.79,AR,1723059726
345,anori,-3.7728,-61.6442,312.14,21,14,1.08,BR,1723059729
346,cape coast,5.1053,-1.2466,296.87,86,100,6.03,GH,1723059730
347,nemuro,43.3236,145.575,290.79,100,100,4.33,JP,1723059731
348,antonio enes,-16.2325,39.9086,295.36,73,3,3.51,MZ,1723059733
349,yanam,16.7333,82.2167,297.27,95,100,2.52,IN,1723059734
350,merizo village,13.2658,144.6691,301.0,73,100,1.97,GU,1723059735
351,kisangani,0.5167,25.2,298.48,65,44,0.95,CD,1723059737
352,kupang,-10.1667,123.5833,298.47,78,5,4.12,ID,1723059738
353,kavieng,-2.5744,150.7967,300.83,77,12,5.21,PG,1723059740
354,chonchi,-42.6128,-73.8092,284.88,76,34,0.73,CL,1723059741
355,grand falls-windsor,48.9332,-55.6649,292.44,50,99,4.75,CA,1723059742
356,west vero corridor,27.6378,-80.4858,304.83,70,66,5.94,US,1723059744
357,powell river,49.8496,-124.5361,294.92,82,100,3.09,CA,1723059446
358,new plymouth,-39.0667,174.0833,284.15,100,100,8.52,NZ,1723059560
359,tosontsengel,48.7567,98.2839,284.26,59,100,1.05,MN,1723059748
360,coquimbo,-29.9533,-71.3436,287.0,76,75,4.12,CL,1723059750
361,portland,45.5234,-122.6762,301.48,49,0,0.45,US,1723059640
362,nazarabad,35.9521,50.6075,308.6,24,94,1.33,IR,1723059753
363,carmo do paranaiba,-19.0008,-46.3161,297.46,42,6,3.91,BR,1723059754
364,port huron,42.9709,-82.4249,298.63,54,0,6.17,US,1723059756
365,naliya,23.2667,68.8333,300.76,83,100,8.22,IN,1723059757
366,mount pearl,47.5166,-52.7813,294.51,64,100,6.69,CA,1723059516
367,hadibu,12.65,54.0333,299.02,82,36,8.95,YE,1723059760
368,ulsteinvik,62.3432,5.8487,289.65,90,100,0.89,NO,1723059761
369,sergeyevka,53.88,67.4158,290.13,86,98,3.32,KZ,1723059763
370,south hedland,-20.4089,118.5983,289.11,94,54,2.57,AU,1723059764
371,kankaanpaa,61.8,22.4167,289.57,76,90,0.18,FI,1723059765
372,luau,-10.7073,22.2247,294.62,17,63,2.01,AO,1723059767
373,wakkanai,45.4094,141.6739,293.29,97,100,2.12,JP,1723059768
374,narasannapeta,18.4167,84.05,299.39,82,98,2.03,IN,1723059769
375,chinde,26.8212,87.7095,297.47,91,100,1.15,NP,1723059771
376,aasiaat,68.7098,-52.8699,277.7,91,86,4.02,GL,1723059772
377,rusk,31.796,-95.1502,308.45,41,0,0.0,US,1723059774
378,zapolyarnyy,69.4154,30.8136,292.75,46,18,2.65,RU,1723059775
379,sault ste. marie,46.5168,-84.3333,299.05,48,75,3.09,CA,1723059777
380,vadso,70.0744,29.7487,293.64,58,0,4.63,NO,1723059778
381,ylivieska,64.0833,24.55,290.55,66,7,2.39,FI,1723059779
382,chadan,51.2833,91.5833,287.69,58,57,2.32,RU,1723059781
383,broome,42.2506,-75.833,296.16,75,100,3.09,US,1723059782
384,assab,13.0092,42.7394,303.24,78,81,7.83,ER,1723059784
385,stornoway,58.2093,-6.3865,286.13,86,75,7.72,GB,1723059785
386,snina,48.9886,22.151,290.56,73,94,1.45,SK,1723059786
387,smidovich,48.6,133.8167,292.01,98,79,2.67,RU,1723059788
388,moab,38.5733,-109.5498,311.82,20,8,3.64,US,1723059789
389,edd,13.9297,41.6925,303.48,72,69,4.19,ER,1723059791
390,severo-yeniseyskiy,60.3725,93.0408,285.91,98,100,1.01,RU,1723059792
391,margate,51.3813,1.3862,291.43,69,100,6.55,GB,1723059793
392,magadan,59.5667,150.8,284.69,88,11,0.98,RU,1723059567
393,callao,-12.0667,-77.15,291.33,72,100,1.54,PE,1723059796
394,shihezi,44.3,86.0333,298.53,28,99,2.91,CN,1723059797
395,petatlan,17.5167,-101.2667,307.04,51,11,4.83,MX,1723059800
396,muli,2.9167,73.5667,301.57,72,100,4.97,MV,1723059802
397,novyy turtkul',41.55,61.0167,299.1,18,0,2.47,UZ,1723059803
398,berdigestyakh,62.0989,126.6992,279.65,94,2,1.19,RU,1723059804
399,inhambane,-23.865,35.3833,292.72,83,0,2.8,MZ,1723059806
400,namtsy,62.7161,129.6658,280.58,95,4,2.32,RU,1723059807
401,ceerigaabo,10.6162,47.368,293.99,54,11,8.57,SO,1723059808
402,el nido,11.1858,119.3956,298.79,92,54,0.55,PH,1723059810
403,zayed city,24.3768,54.589,308.71,61,0,3.6,AE,1723059811
404,kalmunai,7.4167,81.8167,300.37,85,100,3.73,LK,1723059813
405,nova vicosa,-17.8919,-39.3719,297.12,65,35,3.18,BR,1723059814
406,prado,-17.3411,-39.2208,296.49,69,0,3.11,BR,1723059815
407,vernon,50.2581,-119.2691,302.76,27,2,1.54,CA,1723059817
408,gedo,9.0167,37.45,284.07,93,99,0.68,ET,1723059818
409,pisco,-13.7,-76.2167,293.18,68,100,6.17,PE,1723059819
410,protaras,35.0125,34.0583,304.25,92,0,1.34,CY,1723059821
411,lillehammer,61.1146,10.4674,289.52,96,100,3.55,NO,1723059823
412,vila franca do campo,37.7167,-25.4333,297.38,85,87,3.13,PT,1723059825
413,medina,24.4686,39.6142,308.39,36,0,5.14,SA,1723059826
414,sabang,5.8933,95.3214,302.3,76,100,5.24,ID,1723059827
415,floro,61.5996,5.0328,291.13,63,75,6.69,NO,1723059829
416,foca,38.6703,26.7566,303.06,57,0,8.47,TR,1723059830
417,tynda,55.1667,124.7167,284.78,93,100,1.87,RU,1723059819
418,lebanon,36.2081,-86.2911,303.51,80,100,3.6,US,1723059834
419,goundam,16.4145,-3.6708,312.09,27,70,4.19,ML,1723059836
420,akhtubinsk,48.2795,46.1722,298.37,42,62,2.31,RU,1723059837
421,balsas,-7.5325,-46.0356,308.52,16,4,1.62,BR,1723059839
422,fairfield,41.2668,-73.3162,292.42,82,100,4.12,US,1723059840
423,constantia,44.1833,28.65,292.53,69,2,1.93,RO,1723059841
424,kangal,39.2335,37.3911,293.18,60,0,2.36,TR,1723059843
425,nikolayevsk-on-amure,53.1406,140.73,286.79,93,100,1.53,RU,1723059844
426,chifeng,42.2683,118.9636,294.59,76,3,1.25,CN,1723059845
427,onguday,50.75,86.15,287.76,83,89,1.32,RU,1723059847
428,brookings,44.3114,-96.7984,296.58,72,100,4.63,US,1723059752
429,gurzuf,44.55,34.2833,296.44,60,20,4.33,UA,1723059851
430,san patricio,28.017,-97.5169,309.91,33,0,2.8,US,1723059852
431,turbat,26.0023,63.044,301.16,76,91,3.64,PK,1723059854
432,paphos,34.7667,32.4167,301.03,89,0,2.57,CY,1723059855
433,salamina,37.9643,23.4965,304.14,42,40,1.54,GR,1723059857
434,lethem,3.3803,-59.7968,298.16,87,97,2.12,GY,1723059858
435,totness,5.8833,-56.3167,302.03,76,20,2.26,SR,1723059859
436,kolonia,50.9333,6.95,294.29,78,0,0.51,DE,1723059609
437,olavarria,-36.8927,-60.3225,280.41,87,100,5.77,AR,1723059862
438,samut sakhon,13.5833,100.3,300.14,84,100,1.2,TH,1723059864
439,westport,41.1415,-73.3579,292.71,86,100,4.12,US,1723059865
440,dock junction,31.2025,-81.5168,302.16,81,75,5.66,US,1723059867
441,santiago del torno,-17.9833,-63.3833,300.25,70,38,2.26,BO,1723059868
442,tianpeng,30.9866,103.9393,300.41,88,100,2.29,CN,1723059869
443,sola,-13.8833,167.55,298.5,71,100,11.37,VU,1723059871
444,fendou,46.65,124.8667,293.25,84,17,2.3,CN,1723059872
445,ulanhot,46.0833,122.0833,292.17,70,68,2.22,CN,1723059874
446,portsmouth,50.799,-1.0913,292.16,79,100,4.47,GB,1723059618
447,lerwick,60.1545,-1.1494,285.15,80,26,7.79,GB,1723059876
448,lompoc,34.6391,-120.4579,301.81,60,0,6.69,US,1723059878
449,yallahs,17.8748,-76.5624,307.0,69,100,5.36,JM,1723059880
450,mostaganem,35.9311,0.0892,298.68,85,0,2.31,DZ,1723059882
451,west bay,19.3667,-81.4167,304.19,70,75,3.6,KY,1723059883
452,coahuayana de hidalgo,18.7,-103.6583,306.55,54,100,3.47,MX,1723059885
453,papao,-17.75,-149.55,299.97,79,0,7.68,PF,1723059886
454,handan,36.6006,114.4678,296.14,93,72,1.8,CN,1723059889
455,norak,38.3892,69.3227,298.99,21,0,2.48,TJ,1723059890
456,alpine,32.835,-116.7664,301.3,57,0,4.12,US,1723059892
457,pitimbu,-7.4706,-34.8086,300.48,71,90,6.16,BR,1723059893
458,saint-philippe,-21.3585,55.7679,291.92,76,0,2.13,RE,1723059894
459,faya-largeau,17.9257,19.1043,308.58,36,98,5.85,TD,1723059896
460,puerto cabezas,14.0351,-83.3888,305.13,70,75,11.32,NI,1723059897
461,susangerd,31.5608,48.1831,312.37,10,4,4.65,IR,1723059898
462,essaouira,31.5125,-9.77,293.82,93,0,6.87,MA,1723059900
463,manokwari,-0.8667,134.0833,298.59,78,100,1.39,ID,1723059901
464,dejen,10.1667,38.1333,285.6,88,100,1.83,ET,1723059902
465,alotau,-10.3069,150.4462,296.02,96,100,1.6,PG,1723059904
466,les anglais,18.3054,-74.2197,303.28,67,100,4.81,HT,1723059905
467,alapayevsk,57.8516,61.6963,283.71,91,81,2.4,RU,1723059907
468,nizao,18.25,-70.2,306.19,66,64,5.1,DO,1723059908
469,lucapa,-8.4192,20.7447,296.46,17,24,0.98,AO,1723059909
470,sydney,-33.8679,151.2073,281.28,89,5,4.12,AU,1723059079
471,oskarshamn,57.2645,16.4484,290.36,84,100,2.79,SE,1723059912
472,buncrana,55.1333,-7.45,288.02,86,64,5.36,IE,1723059914
473,geraldton,-28.7667,114.6,286.38,94,40,3.6,AU,1723059915
474,freetown,8.484,-13.2299,299.99,83,75,3.09,SL,1723059916
475,atchison,39.563,-95.1216,302.55,37,0,2.63,US,1723059918
476,revda,56.801,59.9303,285.67,98,94,3.17,RU,1723059919
477,vodnyy,63.5046,53.4095,283.57,70,0,1.5,RU,1723059920
478,hami,42.8,93.45,294.26,60,100,2.26,CN,1723059922
479,peniche,39.3558,-9.3811,293.77,86,1,8.23,PT,1723059923
480,lhuentse,27.6679,91.1839,293.63,97,99,0.89,BT,1723059925
481,wicklow,53.0,-6.4167,287.29,85,75,3.75,IE,1723059927
482,wucheng,29.6008,118.175,297.85,89,31,0.68,CN,1723059929
483,hakha,22.65,93.6167,291.59,99,100,1.57,MM,1723059930
484,susuman,62.7833,148.1667,283.02,80,100,1.05,RU,1723059931
485,taulaga,-11.0553,-171.0883,300.57,74,96,9.01,AS,1723059933
486,maintirano,-18.0667,44.0167,295.96,80,0,1.49,MG,1723059934
487,deqen,29.9618,90.7188,281.57,87,100,1.72,CN,1723059936
488,tuy hoa,13.0833,109.3,298.91,83,46,2.09,VN,1723059937
489,le blanc,46.6667,1.1667,293.37,57,23,2.51,FR,1723059939
490,forster,-32.1667,152.5167,283.36,89,17,2.34,AU,1723059942
491,umm kaddadah,13.6017,26.6876,302.42,57,100,5.31,SD,1723059943
492,sovetskaya gavan',48.9723,140.2878,290.47,100,100,0.79,RU,1723059944
493,shiguai,40.7058,110.2856,292.42,74,1,1.44,CN,1723059946
494,hobyo,5.3505,48.5268,297.56,87,100,10.46,SO,1723059947
495,port saint john's,-31.6229,29.5448,291.8,66,94,2.46,ZA,1723059949
496,tobruk,32.0836,23.9764,299.7,80,0,5.14,LY,1723059950
497,valparaiso,-33.0393,-71.6273,288.28,51,20,5.14,CL,1723059951
498,sternberk,49.7304,17.2989,294.85,69,56,1.52,CZ,1723059953
499,nejo,9.5,35.5,287.73,96,93,0.43,ET,1723059954
500,ust-nera,64.5667,143.2,283.76,94,100,1.64,RU,1723059955
501,idri,27.5,13.2667,307.72,12,3,4.66,LY,1723059957
502,santana,-0.0583,-51.1817,307.25,59,40,2.06,BR,1723059958
503,tabou,4.423,-7.3528,297.31,76,100,4.2,CI,1723059960
504,suoyarvi,62.0833,32.35,286.42,80,36,2.22,RU,1723059961
505,lagunas,-5.2269,-75.6753,303.71,59,99,1.51,PE,1723059962
506,wenchang,30.904,118.4887,299.82,79,5,1.95,CN,1723059964
507,pasuquin,18.3328,120.6177,299.12,100,20,0.0,PH,1723059965
508,bonthe,7.5264,-12.505,298.31,81,100,4.37,SL,1723059967
509,san mariano,7.5,126.0,295.38,93,100,1.38,PH,1723059968
510,ancud,-41.8697,-73.8203,282.14,68,3,0.6,CL,1723059969
511,palmas,-10.2128,-48.3603,309.81,19,0,3.09,BR,1723059971
512,kone,-21.0595,164.8658,291.77,78,100,2.84,NC,1723059973
513,bria,6.5423,21.9863,293.73,96,100,1.37,CF,1723059974
514,roma,43.2128,-75.4557,300.02,52,0,2.57,US,1723059977
515,lewiston orchards,46.3804,-116.9754,304.66,27,0,0.0,US,1723059978
516,prince george,53.9166,-122.753,296.83,47,0,2.57,CA,1723059980
517,manzhouli,49.6,117.4333,287.77,76,0,1.95,CN,1723059981
518,misratah,32.3754,15.0925,301.49,72,0,7.26,LY,1723059982
519,bam,29.106,58.357,307.93,4,1,4.37,IR,1723059984
520,yuzhno-kurilsk,44.0306,145.8556,290.68,100,100,2.8,RU,1723059985
521,bardai,11.65,7.2333,294.96,95,69,2.43,NG,1723059986
522,dila,6.4167,38.3167,290.11,90,89,1.83,ET,1723059988
523,kapa'a,22.0752,-159.319,300.64,71,20,5.66,US,1723059989
524,katsuren-haebaru,26.3369,127.8719,302.16,95,0,2.57,JP,1723059991
525,huarmey,-10.0681,-78.1522,292.83,73,15,5.81,PE,1723059992
526,tindouf,27.6711,-8.1474,316.4,9,40,4.12,DZ,1723059993
527,barki saria,24.1667,85.8833,299.03,93,55,2.11,IN,1723059995
528,klaksvik,62.2266,-6.589,284.66,93,59,4.64,FO,1723059996
529,dubreka,9.7911,-13.5233,300.19,92,91,2.48,GN,1723059997
530,diveyevo,55.0433,43.2418,289.35,87,100,2.08,RU,1723059999
531,nicoya,10.1483,-85.452,297.62,95,100,1.74,CR,1723060000
532,port lincoln,-34.7333,135.8667,286.94,56,100,10.1,AU,1723060002
533,chignahuapan,19.8333,-98.0333,292.37,78,98,2.43,MX,1723060003
534,remire-montjoly,4.9167,-52.2667,303.17,74,100,5.66,GF,1723060004
535,ubinskoye,55.3068,79.6802,288.71,92,0,1.35,RU,1723060006
536,tsiombe,-25.3,45.4833,293.61,75,90,6.45,MG,1723060007
537,barsi,18.2333,75.7,296.73,87,100,5.06,IN,1723060010
538,raahe,64.6833,24.4833,289.2,64,5,3.86,FI,1723060012
539,tobelo,1.7284,128.0095,299.0,82,61,2.71,ID,1723060014
540,cam ranh,11.9214,109.1591,301.13,78,20,2.57,VN,1723060015
541,hounde,11.5,-3.5167,297.41,92,100,2.41,BF,1723060017
542,corner brook,48.9667,-57.9484,295.24,46,17,6.3,CA,1723060018
543,betong,5.7743,101.0723,295.34,99,100,0.96,TH,1723060019
544,at taj,24.2049,23.2857,306.36,19,6,6.87,LY,1723060021
545,howrah,22.5892,88.3103,301.15,94,40,2.06,IN,1723060022
546,al 'amarah,31.8406,47.1396,312.19,10,6,3.45,IQ,1723060023
547,aykhal,66.0,111.5,284.95,61,84,4.37,RU,1723060026
548,daru,-9.0763,143.2092,297.38,85,98,6.65,PG,1723060027
549,tazacorte,28.629,-17.9293,297.69,75,20,6.17,ES,1723060029
550,sisimiut,66.9395,-53.6735,281.14,82,64,5.6,GL,1723060030
551,xuanzhou,30.9525,118.7553,299.73,77,5,1.66,CN,1723060032
552,kukawa,12.9234,13.5606,298.92,80,91,4.49,NG,1723060033
553,galesong,-5.3166,119.3661,296.16,71,96,0.41,ID,1723060034
554,banikoara,11.2985,2.4386,296.6,95,100,1.95,BJ,1723060036
555,fort st. john,56.2499,-120.8529,295.09,56,0,4.63,CA,1723060037
556,kruisfontein,-34.0033,24.7314,284.2,44,2,2.34,ZA,1723060038
557,ayabaca,-4.6398,-79.7149,290.39,53,33,3.31,PE,1723060040
558,thunder bay,48.4001,-89.3168,294.14,64,75,6.17,CA,1723060041
559,exu,-7.5119,-39.7242,302.34,33,12,3.54,BR,1723060043
560,sofifi,0.7349,127.576,298.49,84,99,1.23,ID,1723060044
561,flin flon,54.7682,-101.865,286.06,71,100,4.63,CA,1723060045
562,mar del plata,-38.0023,-57.5575,283.16,97,100,6.17,AR,1723060047
563,dera ghazi khan,30.0561,70.6348,308.5,46,0,6.2,PK,1723060048
564,san lorenzo,-25.3333,-57.5333,291.81,89,100,4.12,PY,1723060050
565,ciudad lazaro cardenas,17.9583,-102.2,304.19,65,28,6.06,MX,1723060051
566,mildura,-34.2,142.15,278.75,85,99,5.32,AU,1723060052
567,las lomitas,-24.7096,-60.593,286.48,82,100,3.67,AR,1723060054
568,pasni,25.2631,63.471,300.72,83,95,3.82,PK,1723060055
569,villamontes,-21.25,-63.5,294.84,64,75,5.14,BO,1723060057
570,n'zeto,-7.2312,12.8666,294.37,84,22,3.5,AO,1723060058
571,rawah,34.4816,41.9093,308.18,18,0,4.84,IQ,1723060059
572,lycksele,64.5954,18.6735,290.08,67,96,2.06,SE,1723060061
573,soroti,1.7146,33.6111,294.75,71,75,2.26,UG,1723060062
574,ostroleka,53.0862,21.5757,291.29,67,2,3.24,PL,1723060064
575,tarauaca,-8.1614,-70.7656,307.05,38,63,2.12,BR,1723060065
576,markala,13.7021,-6.0659,304.02,60,100,4.09,ML,1723060066
